"Timestamp","Where do you want morning practice to be for 1st semester? ","Why?","Specifically, what kind of workouts do you think will benefit YOUR GYMNASTICS the most? (Please provide examples)","Morning Workout Frequency","Any other feedback or things you'd like the captains to know"
"2023/07/16 8:40:09 PM EST","SPC","Better environment for the morning","Last year’s workouts were good, less numbers though","Tuesday, Thursday","Already have the semester planned out to have morning practices Tuesday and Thursday."
"2023/07/16 8:42:51 PM EST","I’m cool with either spc or nat","I think lift is the best way to start the morning. I feel like it’s easier to be awake and ready for lift rather than at the coliseum ","Mobility and explosiveness exercises ","Don’t have a preference between these","May reorganize the summer gdrive videos stuff somehow. I feel like it’s getting harder to keep up with videos especially with 3 guys on my team. Real tough for us to win a section we’re doing our best but it’s tough. There’s also not a lot of accountability for the conditioning that "
"2023/07/16 8:43:26 PM EST","NAT","I feel that the SPC warmup is not an effective use of time, when it comes to morning practice, since the time is being taken away from sleep, it needs to be as efficient as possible. At the NAT, we get right into the workout while spending more time on strength, which is most important for 1st semester.","The NAT exercise sheet from 2021-2022 was excellent, though more access to different body areas would be nice. (i.e. don’t restrict floor/vault guys to lower body, don’t restrict rings guys to upper body)","Tuesday, Thursday","With all due respect, Coach B has an excellent breadth of knowledge in general strength building, but some of these things don’t transition directly into gymnastics well. More workability from his baseline workouts would allow everyone to tool to individual needs."
"2023/07/16 8:44:11 PM EST","SPC","Every other place is ratchet ","Strength no basics in the mornings","Tuesday, Thursday","if there will be opportunities to lift at different times for people who have 8 AMs every day "
"2023/07/16 8:56:48 PM EST","SPC","As long as I have a ride, I think it would be beneficial to use resources outside of the gym we train at every day.","Weightlifting and cardio! I say those two because currently I do a very low quantity of both. General stick to gymnastics specific strength, rings strength, and general bodyweight exercises.","Tuesday, Thursday","As a freshman I'm honestly happy to do whatever schedule at whatever location. Looking forward to the morning practices and excited to put some good work in!!"
"2023/07/16 9:10:34 PM EST","SPC","the most opportunity to use our resources to get stronger, i feel like it worked well last year so why change it.","I think in the first semester the focus on getting stronger helps my gymnastics in the long run, I think the spc is the best place for that","Tuesday, Thursday",""
"2023/07/16 9:12:49 PM EST","SPC","As dreadful as it is going all the way there that early in the morning. I feel the intense vibe and absolutely beautiful facility put me in a more eager mood to workout. ","I think incorporating Olympic lifting into lifts would be a great way to help develop fast twitch muscle that I need fine tuning for. I also think more squatting and leg conditioning is going to help me and many others with landings.","Tuesday, Thursday","If we could potentially start later than 7:00 that would be great I feel most of the team has their evening workout ruined from lift not because they lifted earlier but because they never got a full nights rest beforehand. Even 7:30 feels like it would be astronomically better than 7."
"2023/07/16 9:24:46 PM EST","SPC","Best thing we can do at lift is work things we don’t work in the gym, especially power and speed related exercises. These are best accomplished at the SPC with the hill sprints, sled pushes, med ball throws, etc.

Also the snack availability is relevant given a lot of guys go straight to class from morning practice and the SPC has the best food.","Power/speed: hill sprints, med ball throws

Rehab/corrective exercises: rows, pulls, banded shoulder stuff

Core strength: planks, core rollouts","Tuesday, Thursday",""
"2023/07/16 9:29:50 PM EST","NAT","I feel that I actually have more emphasis to lift at the NAT. Everything is closer, less things going on and can focus on really getting a lift in. More time for weights because we aren’t doing 10-15 min of stretch or cardio that i can do on my own time ","legs - Hex bat deadlifts , lunges, bungee frog jumps with the cables in ground 
Forearm strength and upper body focus. ","Tuesday, Thursday",""
"2023/07/16 9:33:31 PM EST","Freshmen.","not sure what the acronyms are. ","wrist and rehab I'm assuming. ","Tuesday, Thursday",""
"2023/07/16 9:36:43 PM EST","Sports Coliseum","I would rather do actually gymnastics workouts, so in the long run, we get stronger in the right direction. Also, we don’t burnout as easily if we did gymnastics rather than lifting weights. I think in this stage of our career, it’s more technical and being smart with our bodies than getting stronger. I’m very passionate about this, so please considerate deeply. ","Basics, Stretching thoroughly, pt, drills for actual skills, applied endurance, dismounts, landings, visualization. ","Tuesday, Thursday",""
"2023/07/16 9:52:04 PM EST","SPC","it’s nice and easy access to the food","explosive workouts and applicable weight lifting","Tuesday, Thursday",""
"2023/07/16 9:53:25 PM EST","SPC","Nicest","General strength training","Tuesday, Thursday","Nada"
"2023/07/16 10:00:44 PM EST","SPC","It is an exciting place to work out and because of that I feel motivated when training and lifting there. Also, it has better snacks to grab afterwords when trying to recover. ","I feel right now in the state of training I am in, endurance workouts will help the best. Specifically quick twitch muscle workouts. 
Ex: 
-jumping over a bar side to side
-block push-ups
-stationary running fast block kicks 
-single leg squat jumps with back leg on a block","Tuesday, Thursday","I am excited to be led by such great gentlemen and I trust your decisions to help us win a National title in the upcoming season!  "
"2023/07/16 10:01:12 PM EST","SPC","More equipment and resources ","Mostly rehab stuff like pulling the sled but also general weight training like dumbbell bench press","Tuesday, Thursday",""
"2023/07/17 6:45:38 PM EST","SPC","access to post practice food and potential recovery after lift.","I think building muscle around my joints like my knees(hamstring curls, squats, etc.) and elbows(bicep curls and tricep development) to help with rings strength and landings.","Tuesday, Thursday",""
"2023/07/17 7:43:19 PM EST","SPC","It worked last time","Broad I’m thinking this is more for building durability than gym strength","Tuesday, Thursday",""